iters, train_size, test_size, pval, time
10, 128, 128, 0.2459035589685189, 1.720560073852539
10, 128, 128, 0.48257459321112733, 1.7676963806152344
10, 128, 128, 0.4084727525439861, 1.7454314231872559
15, 128, 128, 0.35795515854221777, 1.8603479862213135
15, 128, 128, 0.35344018998716076, 1.8474218845367432
15, 128, 128, 0.5539433371502062, 1.859260082244873
20, 128, 128, 0.04135147627198785, 1.9769763946533203
20, 128, 128, 0.3480098129008199, 1.9446003437042236
20, 128, 128, 0.03223938671824784, 1.981344223022461
25, 128, 128, 0.1725753134138927, 2.116347551345825
25, 128, 128, 0.6619185038027515, 2.088779926300049
25, 128, 128, 0.4601708275384254, 2.0749447345733643
30, 128, 128, 0.07525488407517385, 2.204271078109741
30, 128, 128, 0.48051696762602414, 2.199422836303711
30, 128, 128, 0.41437219238725054, 2.212491035461426
35, 128, 128, 0.056799487306641104, 2.3140172958374023
35, 128, 128, 0.5699271751047139, 2.332608461380005
35, 128, 128, 0.455973021854888, 2.3176968097686768
40, 128, 128, 0.1908176623648366, 2.461656093597412
40, 128, 128, 0.7633675395160004, 2.4285504817962646
40, 128, 128, 0.99558084370784, 2.4283761978149414
45, 128, 128, 0.24560036180328132, 2.5802652835845947
45, 128, 128, 0.3131307548919826, 2.5746378898620605
45, 128, 128, 0.23556658562487842, 2.5848007202148438
50, 128, 128, 0.09998035670900354, 2.711059808731079
50, 128, 128, 0.24531776564427515, 2.6740262508392334
50, 128, 128, 0.003489219870976395, 2.7050981521606445
10, 128, 256, 0.39132019045445154, 1.8507673740386963
10, 128, 256, 0.8451856875481706, 1.861212968826294
10, 128, 256, 0.5, 1.8581736087799072
15, 128, 256, 0.1995240936906511, 2.045757532119751
15, 128, 256, 0.7160884776603307, 2.009073257446289
15, 128, 256, 0.35807535923248457, 2.0097618103027344
20, 128, 256, 0.780603751302322, 2.197213888168335
20, 128, 256, 0.775937377767999, 2.177276611328125
20, 128, 256, 0.1612508941948178, 2.2056119441986084
25, 128, 256, 0.3876416122791824, 2.3760409355163574
25, 128, 256, 0.3317795948272225, 2.3616926670074463
25, 128, 256, 0.5208735424568642, 2.3688135147094727
30, 128, 256, 0.05216195911715239, 2.563843011856079
30, 128, 256, 0.04013350302374318, 2.524059772491455
30, 128, 256, 0.348405587253501, 2.561894655227661
35, 128, 256, 0.8613811096615269, 2.710310459136963
35, 128, 256, 0.4457457379102257, 2.7021684646606445
35, 128, 256, 0.9924922179633647, 2.761586904525757
40, 128, 256, 0.7915403017596553, 2.8679449558258057
40, 128, 256, 0.8927959887088981, 2.8813889026641846
40, 128, 256, 0.07719319477488992, 2.8841137886047363
45, 128, 256, 0.026679810529705108, 3.029595136642456
45, 128, 256, 0.4315206754639902, 3.0509157180786133
45, 128, 256, 0.2888067573770967, 3.038978338241577
50, 128, 256, 0.6466019672886472, 3.1841371059417725
50, 128, 256, 0.2763852163096773, 3.193350076675415
50, 128, 256, 0.23105831791352638, 3.2093522548675537
10, 128, 512, 0.3663122851909968, 2.061283588409424
10, 128, 512, 0.5301761950522461, 2.040437936782837
10, 128, 512, 0.9726344662201298, 2.0649778842926025
15, 128, 512, 0.7851440990508392, 2.341360569000244
15, 128, 512, 0.011523771628256825, 2.369901418685913
15, 128, 512, 0.4205773743104885, 2.353732109069824
20, 128, 512, 0.29274092828128156, 2.6128089427948
20, 128, 512, 0.2525848137912237, 2.615417718887329
20, 128, 512, 0.4596797965464602, 2.640580415725708
25, 128, 512, 0.2390998178874511, 2.909513473510742
25, 128, 512, 0.2557541126432712, 2.9215760231018066
25, 128, 512, 0.47333134285839584, 2.9088869094848633
30, 128, 512, 0.47203956855897644, 3.1791656017303467
30, 128, 512, 0.568353245697222, 3.1548449993133545
30, 128, 512, 0.7528107897734916, 3.145120143890381
35, 128, 512, 0.9916946937530334, 3.4091811180114746
35, 128, 512, 0.38693325734862466, 3.499288320541382
35, 128, 512, 0.5551520594232758, 3.4612812995910645
40, 128, 512, 0.34454717690824266, 3.6562421321868896
40, 128, 512, 0.03221824514876907, 3.7328741550445557
40, 128, 512, 0.5600470849555921, 3.7369325160980225
45, 128, 512, 0.11517860884110907, 3.9205527305603027
45, 128, 512, 0.14343756639584895, 3.912221908569336
45, 128, 512, 0.4971987521724557, 3.9233481884002686
50, 128, 512, 0.5923876664190412, 4.193496227264404
50, 128, 512, 0.0782085296695495, 4.250457286834717
50, 128, 512, 0.9411486572774241, 4.186414003372192
10, 128, 1024, 0.6511215289189889, 2.5105340480804443
10, 128, 1024, 0.27649410332711755, 2.5473244190216064
10, 128, 1024, 0.8547103393294816, 2.5265095233917236
15, 128, 1024, 0.9069954277347787, 2.9738006591796875
15, 128, 1024, 0.8547573062012624, 3.0072197914123535
15, 128, 1024, 0.8763487164025104, 2.96376895904541
20, 128, 1024, 0.2971127645043457, 3.4966084957122803
20, 128, 1024, 0.06013159467716538, 3.4568450450897217
20, 128, 1024, 0.2724331840655998, 3.4252002239227295
25, 128, 1024, 0.6677881069879583, 3.92268705368042
25, 128, 1024, 0.42578045418671817, 3.89977765083313
25, 128, 1024, 0.7260163421431141, 3.928319215774536
30, 128, 1024, 0.5412321531639562, 4.328540325164795
30, 128, 1024, 0.6639679895622153, 4.3802409172058105
30, 128, 1024, 0.268704982921319, 4.3308398723602295
35, 128, 1024, 0.4867324976986047, 4.7819905281066895
35, 128, 1024, 0.8817927778960778, 4.829910755157471
35, 128, 1024, 0.9626325605097364, 4.800217390060425
40, 128, 1024, 0.972432696216792, 5.302327394485474
40, 128, 1024, 0.5872305428428911, 5.346001148223877
40, 128, 1024, 0.3332839479548469, 5.368609189987183
45, 128, 1024, 0.7853228550658495, 5.720246076583862
45, 128, 1024, 0.37450586170591527, 5.7705302238464355
45, 128, 1024, 0.3676965009328398, 5.765922546386719
50, 128, 1024, 0.3068796983387231, 6.16015100479126
50, 128, 1024, 0.6937303348359538, 6.212870836257935
50, 128, 1024, 0.7985944191149121, 6.262938022613525
10, 128, 2048, 0.5873918015989423, 3.3205695152282715
10, 128, 2048, 0.6960421739978497, 3.3533530235290527
10, 128, 2048, 0.32448196133339896, 3.3430557250976562
15, 128, 2048, 0.49099820146685713, 4.2133917808532715
15, 128, 2048, 0.6806223848088897, 4.2208569049835205
15, 128, 2048, 0.32500492574850337, 4.208143472671509
20, 128, 2048, 0.3184841460590632, 5.076252698898315
20, 128, 2048, 0.5794911945006018, 5.091163396835327
20, 128, 2048, 0.6171336990837566, 5.015505075454712
25, 128, 2048, 0.6581348094906992, 5.939931154251099
25, 128, 2048, 0.5676923086987502, 5.853349208831787
25, 128, 2048, 0.13941142881333318, 5.955898761749268
30, 128, 2048, 0.7281510249475971, 6.787766933441162
30, 128, 2048, 0.6151471407438845, 6.853847503662109
30, 128, 2048, 0.5918415846898522, 6.875164270401001
35, 128, 2048, 0.5570118774285003, 7.719975233078003
35, 128, 2048, 0.6182553795930453, 7.6178014278411865
35, 128, 2048, 0.9586417872044064, 7.691946744918823
40, 128, 2048, 0.009818147834586163, 8.528023481369019
40, 128, 2048, 0.42824383008023115, 8.67633843421936
40, 128, 2048, 0.18759586825207658, 8.592218399047852
45, 128, 2048, 0.49476609293229745, 9.430962562561035
45, 128, 2048, 0.07113154644081403, 9.30463433265686
45, 128, 2048, 0.0019288289776060344, 9.35023546218872
50, 128, 2048, 0.22869840877788794, 10.226438283920288
50, 128, 2048, 0.022861947903594467, 10.392874956130981
50, 128, 2048, 0.8010288367435989, 10.36730432510376
10, 128, 4096, 0.44951191790462725, 5.060937166213989
10, 128, 4096, 0.6200426912897227, 5.040123224258423
10, 128, 4096, 0.703170304758653, 4.974504470825195
15, 128, 4096, 0.032072549852715466, 6.714673280715942
15, 128, 4096, 0.5334871255928215, 6.608649253845215
15, 128, 4096, 0.009523383174404904, 6.7319629192352295
20, 128, 4096, 0.7495738305273043, 8.394493341445923
20, 128, 4096, 0.17214888001088946, 8.23296046257019
20, 128, 4096, 0.15292033928685908, 8.270807027816772
25, 128, 4096, 0.7681680579457577, 10.02460503578186
25, 128, 4096, 0.6345402600509575, 10.000267028808594
25, 128, 4096, 0.05964031777069938, 9.997117519378662
30, 128, 4096, 0.5728724906955316, 11.720762729644775
30, 128, 4096, 0.6082244836274191, 11.626033067703247
30, 128, 4096, 0.23713930225694607, 11.861017942428589
35, 128, 4096, 0.09711739959388144, 13.560307025909424
35, 128, 4096, 0.17687534635005664, 13.43466305732727
35, 128, 4096, 0.03424481088778121, 13.555032968521118
40, 128, 4096, 0.7799133792831938, 15.176074504852295
40, 128, 4096, 0.9084820101592981, 15.020431756973267
40, 128, 4096, 0.15798378320056727, 15.238758087158203
45, 128, 4096, 0.03885909038455667, 16.927916288375854
45, 128, 4096, 0.9565930500656846, 16.77465510368347
45, 128, 4096, 0.7405729438575648, 16.752002239227295
50, 128, 4096, 0.05255718196179453, 18.589318990707397
50, 128, 4096, 0.614792814983663, 18.379842281341553
50, 128, 4096, 0.11179804736377683, 18.62621283531189
10, 128, 8192, 0.056444212829104265, 8.222397089004517
10, 128, 8192, 0.8133242868754318, 8.151456356048584
10, 128, 8192, 0.08021781196606842, 8.247277021408081
15, 128, 8192, 0.08793593607066527, 11.558507204055786
15, 128, 8192, 0.4796328551716198, 11.453808546066284
15, 128, 8192, 0.02421942597773638, 11.650972604751587
20, 128, 8192, 0.34467788797577115, 15.112656593322754
20, 128, 8192, 0.10923649735965682, 14.999378681182861
20, 128, 8192, 0.159337569873, 15.019728899002075
25, 128, 8192, 0.462832322793073, 18.331392765045166
25, 128, 8192, 0.6770739038866302, 18.127784967422485
25, 128, 8192, 0.20233085804451628, 18.146657705307007
30, 128, 8192, 0.7283913180326094, 21.38080406188965
30, 128, 8192, 0.12326034030110453, 21.372419595718384
30, 128, 8192, 0.5859437341410301, 21.785086154937744
35, 128, 8192, 0.8119433625226564, 24.72534680366516
35, 128, 8192, 0.8117856721230463, 24.8392174243927
35, 128, 8192, 0.05684308070298237, 25.03693175315857
40, 128, 8192, 0.48601842767750153, 28.1965548992157
40, 128, 8192, 0.18559762236806226, 28.668859243392944
40, 128, 8192, 0.1481085612799757, 28.55021333694458
45, 128, 8192, 0.016474005556257068, 31.634309768676758
45, 128, 8192, 0.08573363708856961, 31.979437589645386
45, 128, 8192, 0.6984273311225782, 31.513428211212158
50, 128, 8192, 0.5913024697523569, 35.04286026954651
50, 128, 8192, 0.00269076022288759, 35.005783796310425
50, 128, 8192, 0.26293962848077046, 35.065759897232056
10, 256, 128, 0.49093667644347516, 1.8561062812805176
10, 256, 128, 0.876586630932001, 1.8539707660675049
10, 256, 128, 0.9378707869132596, 1.873939037322998
15, 256, 128, 0.4791345198732907, 2.0331528186798096
15, 256, 128, 0.7828532354111624, 2.0122334957122803
15, 256, 128, 0.190593749605115, 2.0570523738861084
20, 256, 128, 0.026387929246433853, 2.201160192489624
20, 256, 128, 0.21241997440794136, 2.21425461769104
20, 256, 128, 0.6949062797592913, 2.218554973602295
25, 256, 128, 0.19666673658690842, 2.499309778213501
25, 256, 128, 0.4933936063547202, 2.3927197456359863
25, 256, 128, 0.7564848608725867, 2.388375997543335
30, 256, 128, 0.1799997583935109, 2.5755374431610107
30, 256, 128, 0.7717867919336596, 2.5939507484436035
30, 256, 128, 0.1487143256739723, 2.5643579959869385
35, 256, 128, 0.9284241651149532, 2.716320276260376
35, 256, 128, 0.9871489502582947, 2.7088394165039062
35, 256, 128, 0.9166293724255132, 2.7560973167419434
40, 256, 128, 0.9252598327632462, 2.9107506275177
40, 256, 128, 0.6916713195470914, 2.9253933429718018
40, 256, 128, 0.9829900596166864, 2.8904201984405518
45, 256, 128, 0.6560398580240878, 3.065509557723999
45, 256, 128, 0.010536901642656457, 3.0743496417999268
45, 256, 128, 0.12987914956243252, 3.0274665355682373
50, 256, 128, 0.671058580874967, 3.2034170627593994
50, 256, 128, 0.651834575700547, 3.245605945587158
50, 256, 128, 0.7895628190460289, 3.213992118835449
10, 256, 256, 0.2765641902078939, 1.9545927047729492
10, 256, 256, 0.06352968129022372, 1.9541141986846924
10, 256, 256, 0.008553480210284275, 1.9668054580688477
15, 256, 256, 0.9570548514388756, 2.1925699710845947
15, 256, 256, 0.5, 2.2152795791625977
15, 256, 256, 0.14767222604834465, 2.2462170124053955
20, 256, 256, 0.6150092169873993, 2.4368810653686523
20, 256, 256, 0.9515381803817853, 2.438857316970825
20, 256, 256, 0.8625999174069032, 2.445974111557007
25, 256, 256, 0.8594998281222038, 2.641191005706787
25, 256, 256, 0.35871151791091854, 2.6500632762908936
25, 256, 256, 0.3553141990571564, 2.657395601272583
30, 256, 256, 0.757862616515177, 2.891657829284668
30, 256, 256, 0.05851611646545405, 2.887454032897949
30, 256, 256, 0.2772043512966742, 2.8778645992279053
35, 256, 256, 0.2484951553047411, 3.0788514614105225
35, 256, 256, 0.527430972001963, 3.09051251411438
35, 256, 256, 0.08142537084807443, 3.1120388507843018
40, 256, 256, 0.8911798343948575, 3.320730686187744
40, 256, 256, 0.8420342373848101, 3.3071224689483643
40, 256, 256, 0.18932131216945397, 3.3294100761413574
45, 256, 256, 0.6415436409513255, 3.5345776081085205
45, 256, 256, 0.7496747706475555, 3.5319883823394775
45, 256, 256, 0.0667192306123803, 3.503222703933716
50, 256, 256, 0.24423090442414835, 3.821938991546631
50, 256, 256, 0.24451830950447667, 3.7921643257141113
50, 256, 256, 0.07551592249909304, 3.7697248458862305
10, 256, 512, 0.6043315337760854, 2.200300931930542
10, 256, 512, 0.40986236065755804, 2.2272374629974365
10, 256, 512, 0.23849962851380568, 2.166231393814087
15, 256, 512, 0.9664256458048269, 2.541736125946045
15, 256, 512, 0.43809774590140127, 2.541491985321045
15, 256, 512, 0.18020059236130415, 2.549312114715576
20, 256, 512, 0.08460092082191942, 2.9030284881591797
20, 256, 512, 0.7623678016237005, 2.8716578483581543
20, 256, 512, 0.28622647892134156, 2.873833417892456
25, 256, 512, 0.0023299456738714317, 3.1922011375427246
25, 256, 512, 0.2686939875474225, 3.1739919185638428
25, 256, 512, 0.3254998492028859, 3.204967498779297
30, 256, 512, 0.5477680332383498, 3.4754927158355713
30, 256, 512, 0.8424221975975832, 3.5323169231414795
30, 256, 512, 0.6831067587749866, 3.4859917163848877
35, 256, 512, 0.24381304454532182, 3.821774482727051
35, 256, 512, 0.8057070676811869, 3.823991060256958
35, 256, 512, 0.036655713903416105, 3.856602191925049
40, 256, 512, 0.8415230620557194, 4.12470555305481
40, 256, 512, 0.1375143591701276, 4.1233320236206055
40, 256, 512, 0.11327283168768938, 4.2092204093933105
45, 256, 512, 0.2757251078586338, 4.607344627380371
45, 256, 512, 0.3792393036386881, 4.378920078277588
45, 256, 512, 0.3490684294953662, 4.480705261230469
50, 256, 512, 0.1875955275127132, 4.6755897998809814
50, 256, 512, 0.5610514533726634, 4.738775968551636
50, 256, 512, 0.3885250679428009, 4.698622941970825
10, 256, 1024, 0.22997045379932335, 2.6443369388580322
10, 256, 1024, 0.18684888720865606, 2.6515629291534424
10, 256, 1024, 0.624660160231072, 2.6250228881835938
15, 256, 1024, 0.13574120677293677, 3.2203078269958496
15, 256, 1024, 0.8240796531290422, 3.1793224811553955
15, 256, 1024, 0.6711531278884022, 3.142810821533203
20, 256, 1024, 0.6351643734274333, 3.6580464839935303
20, 256, 1024, 0.3276155855388334, 3.688595771789551
20, 256, 1024, 0.09908388459666194, 3.631255865097046
25, 256, 1024, 0.16083413810218894, 4.193112373352051
25, 256, 1024, 0.07451723140412456, 4.209333658218384
25, 256, 1024, 0.22517249770572206, 4.168184757232666
30, 256, 1024, 0.7774431267722293, 4.729396343231201
30, 256, 1024, 0.3310655030891406, 4.73112154006958
30, 256, 1024, 0.593451850853832, 4.670068264007568
35, 256, 1024, 0.10214814901114702, 5.17715859413147
35, 256, 1024, 0.028794505032016703, 5.1452107429504395
35, 256, 1024, 0.8650126544930838, 5.192185401916504
40, 256, 1024, 0.01596268354296582, 5.6845996379852295
40, 256, 1024, 0.15543483974015082, 5.784477949142456
40, 256, 1024, 0.14815448676197285, 5.749507665634155
45, 256, 1024, 0.30607210993608847, 6.205316781997681
45, 256, 1024, 0.5490905103657815, 6.270437479019165
45, 256, 1024, 0.893037245046685, 6.273277997970581
50, 256, 1024, 0.42413458501717527, 6.684918403625488
50, 256, 1024, 0.013761533265718908, 6.7327961921691895
50, 256, 1024, 0.27573770691864585, 6.720617294311523
10, 256, 2048, 0.8350788580839867, 3.5384092330932617
10, 256, 2048, 0.6703192845063906, 3.5195505619049072
10, 256, 2048, 0.6564524081865035, 3.546691656112671
15, 256, 2048, 0.1618194458525829, 4.44215202331543
15, 256, 2048, 0.20233456912336323, 4.460350513458252
15, 256, 2048, 0.15155905938027706, 4.409205675125122
20, 256, 2048, 0.045741849482027364, 5.314236640930176
20, 256, 2048, 0.40635380531457854, 5.321892976760864
20, 256, 2048, 0.7296921845287689, 5.381914138793945
25, 256, 2048, 0.05915672086785202, 6.192359447479248
25, 256, 2048, 0.3209617482545481, 6.24928092956543
25, 256, 2048, 0.1479003863262378, 6.328648090362549
30, 256, 2048, 0.22958987868270092, 7.127150535583496
30, 256, 2048, 0.10061801730428294, 7.223011493682861
30, 256, 2048, 0.06232705347181756, 7.196737289428711
35, 256, 2048, 0.013467504650564632, 8.155061483383179
35, 256, 2048, 0.18512022849016746, 8.037002801895142
35, 256, 2048, 0.6462980453268115, 8.026482343673706
40, 256, 2048, 0.6682962785260227, 9.05862045288086
40, 256, 2048, 0.9331412187810874, 8.999619245529175
40, 256, 2048, 0.0019334679239917901, 8.954559326171875
45, 256, 2048, 0.19660286479493666, 10.023396253585815
45, 256, 2048, 0.04398210576511411, 9.838273525238037
45, 256, 2048, 0.07447943358014483, 9.854087591171265
50, 256, 2048, 0.07067987057165444, 10.936535596847534
50, 256, 2048, 0.1568199040402489, 10.771477222442627
50, 256, 2048, 0.5826616632928547, 10.957513570785522
10, 256, 4096, 0.33549178467286245, 5.071258544921875
10, 256, 4096, 0.06375887841679372, 5.0569586753845215
10, 256, 4096, 0.4015811874528946, 5.138079643249512
15, 256, 4096, 0.0036387689839669107, 6.872311353683472
15, 256, 4096, 0.3534908488412954, 6.800299167633057
15, 256, 4096, 0.5204796011241508, 6.873539447784424
20, 256, 4096, 0.7645655009442593, 8.478493690490723
20, 256, 4096, 0.1543469252483027, 8.63555097579956
20, 256, 4096, 0.15784844690406383, 8.55039930343628
25, 256, 4096, 0.3402740733766743, 10.21733283996582
25, 256, 4096, 0.3955808900283093, 10.491679906845093
25, 256, 4096, 0.042582692232515124, 10.293051719665527
30, 256, 4096, 0.33319865609330807, 12.100220203399658
30, 256, 4096, 0.36429958910581184, 12.025429248809814
30, 256, 4096, 0.21721727854699802, 12.1882483959198
35, 256, 4096, 0.00238630062355187, 13.829237699508667
35, 256, 4096, 0.05564346826149239, 13.766302347183228
35, 256, 4096, 0.3843475313527946, 13.694451570510864
40, 256, 4096, 0.0074647888283090194, 15.466369867324829
40, 256, 4096, 0.11229311406482391, 15.35267424583435
40, 256, 4096, 0.22496722161868016, 15.430258512496948
45, 256, 4096, 0.41317573362613147, 17.171231985092163
45, 256, 4096, 0.19611602755138374, 17.312156200408936
45, 256, 4096, 0.2219663968105049, 17.04239535331726
50, 256, 4096, 0.4902504301815698, 18.88118553161621
50, 256, 4096, 0.7601147238332792, 18.90879464149475
50, 256, 4096, 0.8880624477239399, 18.955787181854248
10, 256, 8192, 0.15118884917797415, 8.383784770965576
10, 256, 8192, 0.05949226682668053, 8.251294136047363
10, 256, 8192, 0.22346940672236187, 8.251840829849243
15, 256, 8192, 0.4239632288531498, 11.679895877838135
15, 256, 8192, 0.31023760513078547, 11.613529920578003
15, 256, 8192, 0.033974016636165984, 11.812168598175049
20, 256, 8192, 0.13993390998119992, 15.14149284362793
20, 256, 8192, 0.05064037107863775, 15.04610300064087
20, 256, 8192, 0.066162827011135, 15.110202312469482
25, 256, 8192, 0.07980481990432413, 18.36080527305603
25, 256, 8192, 0.4170749793096734, 18.437089681625366
25, 256, 8192, 0.25277603015000444, 18.532390356063843
30, 256, 8192, 0.19629512235410207, 21.769386529922485
30, 256, 8192, 0.11999933252502729, 21.734172344207764
30, 256, 8192, 0.0004744723348836397, 21.839718103408813
35, 256, 8192, 0.5619842338371521, 25.087657690048218
35, 256, 8192, 0.05059900949768818, 25.37035894393921
35, 256, 8192, 0.00026985766283293543, 25.2511625289917
40, 256, 8192, 0.1567085235437042, 28.728824853897095
40, 256, 8192, 0.010293291580576807, 28.71997046470642
40, 256, 8192, 0.08247310285150734, 28.580901384353638
45, 256, 8192, 0.02774372688569213, 31.974778175354004
45, 256, 8192, 0.02831857505912279, 32.307241439819336
45, 256, 8192, 0.003500372407182432, 32.41806674003601
50, 256, 8192, 0.09657336181152976, 36.233652114868164
50, 256, 8192, 0.18360041885879358, 35.35272526741028
50, 256, 8192, 0.4969653081320727, 35.58623743057251
10, 512, 128, 0.5981465175381867, 2.1072657108306885
10, 512, 128, 0.3861057018080925, 2.0646438598632812
10, 512, 128, 0.5352585037076046, 2.1178297996520996
15, 512, 128, 0.48154995683711077, 2.381204128265381
15, 512, 128, 0.41865299823718455, 2.3712403774261475
15, 512, 128, 0.3177182705806637, 2.3719823360443115
20, 512, 128, 0.6675075480427644, 2.647623300552368
20, 512, 128, 0.8288838804224906, 2.681504726409912
20, 512, 128, 0.5246968907814592, 2.677619218826294
25, 512, 128, 0.960868607610627, 2.9420270919799805
25, 512, 128, 0.05635678940719046, 2.947204828262329
25, 512, 128, 0.5297208612199672, 2.951125144958496
30, 512, 128, 0.625193508196618, 3.2420828342437744
30, 512, 128, 0.8855004131634459, 3.227524518966675
30, 512, 128, 0.32248812809227434, 3.219620943069458
35, 512, 128, 0.01167007791359073, 3.4889979362487793
35, 512, 128, 0.34630391687448003, 3.5144801139831543
35, 512, 128, 0.17939387789286426, 3.4819915294647217
40, 512, 128, 0.6993868174737587, 3.7415125370025635
40, 512, 128, 0.2157629942871388, 3.7464184761047363
40, 512, 128, 0.6957533846845337, 3.758089303970337
45, 512, 128, 0.6092576660649682, 4.050785779953003
45, 512, 128, 0.7919600788364317, 3.9938485622406006
45, 512, 128, 0.4045627736959806, 4.050403833389282
50, 512, 128, 0.9244367592009146, 4.284754037857056
50, 512, 128, 0.7250892010927679, 4.337735176086426
50, 512, 128, 0.17508272757058946, 4.303420305252075
10, 512, 256, 0.7711300384294248, 2.1785261631011963
10, 512, 256, 0.7585065589357121, 2.179830551147461
10, 512, 256, 0.12980836166221402, 2.192722797393799
15, 512, 256, 0.40560081093758116, 2.573176383972168
15, 512, 256, 0.3756123239616322, 2.542004108428955
15, 512, 256, 0.7729076537055227, 2.55694580078125
20, 512, 256, 0.11079305897654353, 2.90092396736145
20, 512, 256, 0.06366371452326233, 2.8867626190185547
20, 512, 256, 0.3235783542789549, 2.880126476287842
25, 512, 256, 0.27797858907246015, 3.2163586616516113
25, 512, 256, 0.5760664711488944, 3.2212586402893066
25, 512, 256, 0.4371647590611135, 3.207254648208618
30, 512, 256, 0.2012546547392578, 3.4680728912353516
30, 512, 256, 0.3292093750096763, 3.51035475730896
30, 512, 256, 0.772987338715819, 3.518150806427002
35, 512, 256, 0.026542895106765323, 3.8888375759124756
35, 512, 256, 0.3849765762795512, 3.816999912261963
35, 512, 256, 0.6564207952514252, 3.8281285762786865
40, 512, 256, 0.20218730325379664, 4.176894187927246
40, 512, 256, 0.47277274600250535, 4.213985443115234
40, 512, 256, 0.8492540405788004, 4.128076791763306
45, 512, 256, 0.21796544611102314, 4.499438285827637
45, 512, 256, 0.028463153112926857, 4.454824209213257
45, 512, 256, 0.7377404477342483, 4.474971294403076
50, 512, 256, 0.1743057542165597, 4.7579615116119385
50, 512, 256, 0.3059588771357237, 4.722085475921631
50, 512, 256, 0.22935254826053958, 4.806050777435303
10, 512, 512, 0.4166102519853776, 2.422379732131958
10, 512, 512, 0.07339288760079135, 2.419978380203247
10, 512, 512, 0.24309007126167181, 2.4008588790893555
15, 512, 512, 0.630293713513588, 2.8838064670562744
15, 512, 512, 0.221820141638933, 2.8448574542999268
15, 512, 512, 0.08423847374472414, 2.847919225692749
20, 512, 512, 0.1567510949369916, 3.3037075996398926
20, 512, 512, 0.17721330383726946, 3.2981250286102295
20, 512, 512, 0.18080601785365025, 3.297607183456421
25, 512, 512, 0.38292262977633046, 3.733227014541626
25, 512, 512, 0.26185661142009586, 3.719423532485962
25, 512, 512, 0.27286242890837686, 3.7304019927978516
30, 512, 512, 0.09088571451689384, 4.08104395866394
30, 512, 512, 0.6156697055356745, 4.179707765579224
30, 512, 512, 0.6003438094378808, 4.092326641082764
35, 512, 512, 0.12206311687131305, 4.605927228927612
35, 512, 512, 0.7439084699377414, 4.523182153701782
35, 512, 512, 0.08797558836094135, 4.587254762649536
40, 512, 512, 0.48930329938273276, 5.016632556915283
40, 512, 512, 0.1400465487414217, 4.965404510498047
40, 512, 512, 0.2408128401485991, 4.976732492446899
45, 512, 512, 0.6351492634597261, 5.321986198425293
45, 512, 512, 0.9168013899154545, 5.345647811889648
45, 512, 512, 0.01254316782277928, 5.3432745933532715
50, 512, 512, 0.8015595227003562, 5.736818552017212
50, 512, 512, 0.24236278837124436, 5.743499517440796
50, 512, 512, 0.01679772858790513, 5.791902303695679
10, 512, 1024, 0.23602476708717357, 2.875087261199951
10, 512, 1024, 0.0709384350162213, 2.8132593631744385
10, 512, 1024, 0.0908174783303491, 2.816985607147217
15, 512, 1024, 0.44734719082318986, 3.4564881324768066
15, 512, 1024, 0.14536689373554226, 3.49533748626709
15, 512, 1024, 0.5088289233450065, 3.456900119781494
20, 512, 1024, 0.4306215173919732, 4.099702835083008
20, 512, 1024, 0.35724762687194084, 4.108410835266113
20, 512, 1024, 0.04311276759073815, 4.04607892036438
25, 512, 1024, 0.23475808016871041, 4.785637617111206
25, 512, 1024, 0.10445667880362232, 4.6810173988342285
25, 512, 1024, 0.8539049759866256, 4.688064336776733
30, 512, 1024, 0.802086560429994, 5.340497970581055
30, 512, 1024, 0.012034245351199723, 5.3900229930877686
30, 512, 1024, 0.4547348366866214, 5.286438703536987
35, 512, 1024, 0.4160766059927563, 6.017536401748657
35, 512, 1024, 0.03934213514460531, 5.9801247119903564
35, 512, 1024, 0.10913898106140675, 6.019191265106201
40, 512, 1024, 0.01667133824174841, 6.630136966705322
40, 512, 1024, 0.23475732488687567, 6.53229546546936
40, 512, 1024, 0.736252768147666, 6.5475780963897705
45, 512, 1024, 0.13646669167781939, 7.177419185638428
45, 512, 1024, 0.02685657331526696, 7.25285267829895
45, 512, 1024, 0.11392682025797139, 7.226431131362915
50, 512, 1024, 0.34162015247435573, 7.74437952041626
50, 512, 1024, 0.10119836903947085, 7.702824354171753
50, 512, 1024, 0.31834628050372205, 7.856333255767822
10, 512, 2048, 0.5093933282540579, 3.7558999061584473
10, 512, 2048, 0.5160120694740402, 3.7367501258850098
10, 512, 2048, 0.8250747164984573, 3.778749942779541
15, 512, 2048, 0.009886405070164948, 4.756638050079346
15, 512, 2048, 0.05306372776325556, 4.7810938358306885
15, 512, 2048, 0.3692106757630981, 4.765456438064575
20, 512, 2048, 0.23028208746960793, 5.869957685470581
20, 512, 2048, 0.1109793706722846, 5.815261125564575
20, 512, 2048, 0.11044720776934615, 5.784224033355713
25, 512, 2048, 0.3416220656301664, 6.752693176269531
25, 512, 2048, 0.1902355059413156, 6.743605852127075
25, 512, 2048, 0.08281800048036228, 6.785869836807251
30, 512, 2048, 0.06931003994658658, 7.896970748901367
30, 512, 2048, 0.16076470096509352, 7.833490371704102
30, 512, 2048, 0.21070081679164138, 7.761519193649292
35, 512, 2048, 0.08970867458281097, 8.802764654159546
35, 512, 2048, 0.16823631812761375, 8.820003986358643
35, 512, 2048, 0.8524226370205166, 8.731348514556885
40, 512, 2048, 0.07058544114313799, 9.768578290939331
40, 512, 2048, 0.04124913521744045, 9.806387424468994
40, 512, 2048, 0.008610465721280625, 9.919127225875854
45, 512, 2048, 0.21647004075453125, 11.042887210845947
45, 512, 2048, 0.025745915379065093, 10.903995275497437
45, 512, 2048, 0.23664806868208327, 10.798804998397827
50, 512, 2048, 0.03302736011244131, 12.01780390739441
50, 512, 2048, 0.1346280774665398, 11.8744215965271
50, 512, 2048, 0.06123488718583611, 12.0669686794281
10, 512, 4096, 0.22933045654811673, 5.296094655990601
10, 512, 4096, 0.006795122488417712, 5.412776708602905
10, 512, 4096, 0.09115569043058658, 5.367064952850342
15, 512, 4096, 0.0046837624120518034, 7.237595081329346
15, 512, 4096, 0.3864776106939184, 7.1759631633758545
15, 512, 4096, 0.6065860867462055, 7.203786134719849
20, 512, 4096, 0.005432135542759141, 9.080924034118652
20, 512, 4096, 0.3363940459101368, 8.929043292999268
20, 512, 4096, 0.5370535921387208, 9.07585597038269
25, 512, 4096, 0.07364609111837764, 10.850672483444214
25, 512, 4096, 0.0008369705674431561, 10.81705641746521
25, 512, 4096, 0.18032465281786147, 10.743396282196045
30, 512, 4096, 0.08762043328416363, 12.64517879486084
30, 512, 4096, 0.06159970940324122, 12.771170854568481
30, 512, 4096, 0.07838626705252293, 12.74915099143982
35, 512, 4096, 0.500967135282429, 14.519559144973755
35, 512, 4096, 0.10883295310892308, 14.50221562385559
35, 512, 4096, 0.19569467431215565, 14.529042482376099
40, 512, 4096, 0.0004913936654339743, 16.564255952835083
40, 512, 4096, 0.28804675590745765, 16.29405450820923
40, 512, 4096, 0.0012056342995454199, 16.312684535980225
45, 512, 4096, 0.07635590522850992, 18.1227924823761
45, 512, 4096, 0.00984652259501717, 18.10047197341919
45, 512, 4096, 3.0832381470963635e-05, 18.04811429977417
50, 512, 4096, 0.0010961382224292551, 20.20791268348694
50, 512, 4096, 0.008988952398575733, 19.950145721435547
50, 512, 4096, 0.002723591575161472, 20.022074460983276
10, 512, 8192, 0.5618198749712581, 8.572947025299072
10, 512, 8192, 0.002337837261547663, 8.5244882106781
10, 512, 8192, 0.42884259080267756, 8.623531579971313
15, 512, 8192, 0.017351869276544585, 11.92538595199585
15, 512, 8192, 0.12522448975933612, 12.020161867141724
15, 512, 8192, 0.0010606119942940411, 11.906561851501465
20, 512, 8192, 0.25235813443949084, 15.49868130683899
20, 512, 8192, 0.09734789031057746, 15.444007635116577
20, 512, 8192, 0.020931904112036222, 15.793582201004028
25, 512, 8192, 0.015088281761851485, 18.855398654937744
25, 512, 8192, 0.03254937546669236, 19.00068211555481
25, 512, 8192, 0.007571246592680164, 18.9583957195282
30, 512, 8192, 0.0003012718248632982, 22.336561918258667
30, 512, 8192, 0.03332964221824055, 22.856438875198364
30, 512, 8192, 0.09112598868604638, 22.26636004447937
35, 512, 8192, 0.001108623462039741, 26.165494680404663
35, 512, 8192, 0.004224492454083203, 26.372938632965088
35, 512, 8192, 0.02593188349935534, 26.30781602859497
40, 512, 8192, 0.0001888240602962922, 29.431753635406494
40, 512, 8192, 0.0002280791899640954, 29.775142192840576
40, 512, 8192, 0.010437179946475198, 29.473438501358032
45, 512, 8192, 0.00030575818064905696, 33.291728258132935
45, 512, 8192, 4.3551844400724754e-05, 33.47144389152527
45, 512, 8192, 0.09189773994767113, 33.29221034049988
50, 512, 8192, 0.027077486404899855, 37.04571533203125
50, 512, 8192, 0.004109907241878529, 36.59902501106262
50, 512, 8192, 0.08373082652012903, 36.77184247970581
10, 1024, 128, 0.15375611657187846, 2.54408860206604
10, 1024, 128, 0.3193481197019006, 2.568660020828247
10, 1024, 128, 0.9805487206890683, 2.5577096939086914
15, 1024, 128, 0.5258481155265399, 3.0502591133117676
15, 1024, 128, 0.5548738039649916, 3.0789740085601807
15, 1024, 128, 0.5424307551434467, 3.040686845779419
20, 1024, 128, 0.11968618448295347, 3.5288655757904053
20, 1024, 128, 0.4705262901946239, 3.5491364002227783
20, 1024, 128, 0.7225774260594539, 3.5274815559387207
25, 1024, 128, 0.13424564081890192, 4.031803131103516
25, 1024, 128, 0.5387223804876043, 4.035923957824707
25, 1024, 128, 0.09005711198538688, 4.013562440872192
30, 1024, 128, 0.18116598798766798, 4.48417067527771
30, 1024, 128, 0.15327843162477156, 4.4627745151519775
30, 1024, 128, 0.06373207264316488, 4.537578582763672
35, 1024, 128, 0.3958533297472085, 4.907700300216675
35, 1024, 128, 0.059012570909139486, 4.975182056427002
35, 1024, 128, 0.3929496219757139, 5.044212579727173
40, 1024, 128, 0.015092087020106006, 5.421889543533325
40, 1024, 128, 0.0056662672209287805, 5.384058237075806
40, 1024, 128, 0.7801597633264344, 5.50151801109314
45, 1024, 128, 0.0664671888590787, 5.984437942504883
45, 1024, 128, 0.7412042104141631, 5.9709978103637695
45, 1024, 128, 0.8670816506489737, 5.9340574741363525
50, 1024, 128, 0.11530051038937893, 6.423316717147827
50, 1024, 128, 0.4909997671729482, 6.442394018173218
50, 1024, 128, 0.08740362898310712, 6.366345643997192
10, 1024, 256, 0.1556357935858808, 2.6757917404174805
10, 1024, 256, 0.06519798012301403, 2.6643736362457275
10, 1024, 256, 0.4739288136491475, 2.6747376918792725
15, 1024, 256, 0.4671654476833327, 3.243140697479248
15, 1024, 256, 0.5850679269384959, 3.228086233139038
15, 1024, 256, 0.5567740063163815, 3.239849805831909
20, 1024, 256, 0.2692914714027036, 3.8044557571411133
20, 1024, 256, 0.29138771554862375, 3.7925596237182617
20, 1024, 256, 0.010712898541155255, 3.881742477416992
25, 1024, 256, 0.4366019687711331, 4.427201986312866
25, 1024, 256, 0.5551660195242596, 4.242623805999756
25, 1024, 256, 0.7201024337570057, 4.2755608558654785
30, 1024, 256, 0.40040197010425604, 4.74718451499939
30, 1024, 256, 0.3328591464028643, 4.820716619491577
30, 1024, 256, 0.07208597029911401, 4.888203382492065
35, 1024, 256, 0.31055464696367396, 5.326942443847656
35, 1024, 256, 0.13247095853351978, 5.401447534561157
35, 1024, 256, 0.5337361451569931, 5.2947564125061035
40, 1024, 256, 0.04409518010605715, 5.872679948806763
40, 1024, 256, 0.006001766120279857, 5.797388792037964
40, 1024, 256, 0.34766592556883247, 5.813550233840942
45, 1024, 256, 0.01868719135967037, 6.487044334411621
45, 1024, 256, 0.06489245346877559, 6.448169946670532
45, 1024, 256, 0.8700047636138796, 6.521688461303711
50, 1024, 256, 0.022208234585999777, 6.906286239624023
50, 1024, 256, 0.1046192584594356, 6.877286911010742
50, 1024, 256, 0.03826049515136714, 6.892693042755127
10, 1024, 512, 0.23133537541096028, 2.8697690963745117
10, 1024, 512, 0.5381923410224796, 2.8648455142974854
10, 1024, 512, 0.20234084976360706, 2.923081874847412
15, 1024, 512, 0.010673210854133051, 3.5069146156311035
15, 1024, 512, 0.05730784547541955, 3.4891812801361084
15, 1024, 512, 0.29550230814144296, 3.5316154956817627
20, 1024, 512, 0.007033462507214967, 4.1066343784332275
20, 1024, 512, 0.2644452336556391, 4.1866350173950195
20, 1024, 512, 0.6577220147966791, 4.156714200973511
25, 1024, 512, 0.15528176098779778, 4.747380256652832
25, 1024, 512, 0.5795818660139194, 4.861621618270874
25, 1024, 512, 0.010686926022189147, 4.823411226272583
30, 1024, 512, 0.5320666305513726, 5.4739720821380615
30, 1024, 512, 0.3125056175129829, 5.402971267700195
30, 1024, 512, 0.252623732256, 5.391763925552368
35, 1024, 512, 0.0010948606675438499, 5.9520087242126465
35, 1024, 512, 0.029391182804998972, 6.080684661865234
35, 1024, 512, 0.17410373767429937, 6.068870306015015
40, 1024, 512, 0.46965302199154035, 6.699379205703735
40, 1024, 512, 0.5047161191596122, 6.638697385787964
40, 1024, 512, 0.007290071788565522, 6.748839616775513
45, 1024, 512, 0.04336835459832216, 7.3373332023620605
45, 1024, 512, 0.0015875711724376404, 7.326914548873901
45, 1024, 512, 0.04382473214245868, 7.310631036758423
50, 1024, 512, 0.12391760044943481, 7.852664947509766
50, 1024, 512, 0.0004948744190360673, 7.824406385421753
50, 1024, 512, 0.08041430245545893, 7.8654868602752686
10, 1024, 1024, 0.10608602131013808, 3.2531514167785645
10, 1024, 1024, 0.16949223539737057, 3.2770559787750244
10, 1024, 1024, 0.09781092908253661, 3.2531023025512695
15, 1024, 1024, 0.24910180224390382, 4.114842176437378
15, 1024, 1024, 0.04342942847825664, 4.089221715927124
15, 1024, 1024, 0.021995236804528157, 4.085794925689697
20, 1024, 1024, 0.5253844702655183, 4.97852087020874
20, 1024, 1024, 0.6750679833190105, 4.890347480773926
20, 1024, 1024, 0.0003865118106937959, 4.896778345108032
25, 1024, 1024, 0.022599311363017256, 5.7251856327056885
25, 1024, 1024, 0.9043975368026159, 5.719458103179932
25, 1024, 1024, 0.02354053116366597, 5.724310398101807
30, 1024, 1024, 0.002928979281740521, 6.654420375823975
30, 1024, 1024, 0.05068791137128631, 6.687769651412964
30, 1024, 1024, 0.00421295337394947, 6.632662296295166
35, 1024, 1024, 0.01126272980877143, 7.347081899642944
35, 1024, 1024, 0.1521719766857546, 7.39386248588562
35, 1024, 1024, 0.00233273197720395, 7.33427357673645
40, 1024, 1024, 0.0031774809471853687, 8.34199070930481
40, 1024, 1024, 0.00043014752113003217, 8.316740989685059
40, 1024, 1024, 0.005799145468123843, 8.234891176223755
45, 1024, 1024, 0.002006732649240878, 9.023083925247192
45, 1024, 1024, 3.549272634772231e-05, 9.121978282928467
45, 1024, 1024, 0.0030244950047280065, 9.074730396270752
50, 1024, 1024, 0.007951847251023322, 9.885821104049683
50, 1024, 1024, 0.007852588434605533, 9.988016843795776
50, 1024, 1024, 0.008146430140491379, 9.824112176895142
10, 1024, 2048, 0.014001240205457113, 4.217378854751587
10, 1024, 2048, 0.42039104193675747, 4.119527816772461
10, 1024, 2048, 0.043271391778458644, 4.122143030166626
15, 1024, 2048, 0.0013141159784388892, 5.479745626449585
15, 1024, 2048, 0.09509359197544652, 5.417245864868164
15, 1024, 2048, 0.07765550345138375, 5.447922706604004
20, 1024, 2048, 0.0439088210828704, 6.673957824707031
20, 1024, 2048, 0.026123767628528412, 6.784834623336792
20, 1024, 2048, 0.1259056044742845, 6.584741830825806
25, 1024, 2048, 0.14492141081374238, 7.874508857727051
25, 1024, 2048, 0.02587735254789419, 7.782135725021362
25, 1024, 2048, 0.0020730570022783916, 7.83145546913147
30, 1024, 2048, 0.004021421195383559, 9.069681406021118
30, 1024, 2048, 0.0340804471669928, 9.076374769210815
30, 1024, 2048, 0.002223831203838412, 9.2054443359375
35, 1024, 2048, 0.24920586905160297, 10.245560646057129
35, 1024, 2048, 0.12198027643965004, 10.321381330490112
35, 1024, 2048, 0.08311939857077051, 10.332193851470947
40, 1024, 2048, 0.011354231568410303, 11.678401231765747
40, 1024, 2048, 0.02884746706299486, 11.545992136001587
40, 1024, 2048, 0.00011974706598717757, 11.51986312866211
45, 1024, 2048, 0.0051995635170047115, 12.918895244598389
45, 1024, 2048, 0.00010555353967484404, 12.855810403823853
45, 1024, 2048, 0.0010610616052688353, 12.869132995605469
50, 1024, 2048, 1.6775021956575692e-05, 14.11671495437622
50, 1024, 2048, 0.011717439350813113, 14.007245540618896
50, 1024, 2048, 6.710790463392808e-05, 14.210392475128174
10, 1024, 4096, 0.033653945991671534, 5.817942380905151
10, 1024, 4096, 0.8139835258279171, 5.767730474472046
10, 1024, 4096, 0.23742070790404374, 5.811310768127441
15, 1024, 4096, 0.006639062267581298, 7.711852788925171
15, 1024, 4096, 0.4470520235802189, 7.893031597137451
15, 1024, 4096, 0.002307939923054112, 7.696483135223389
20, 1024, 4096, 0.12292293230450298, 9.976781606674194
20, 1024, 4096, 0.056972089161517483, 9.77425765991211
20, 1024, 4096, 0.0004215658509955358, 9.910221338272095
25, 1024, 4096, 0.016842433651554668, 11.875643968582153
25, 1024, 4096, 0.0003283264742339733, 11.987744092941284
25, 1024, 4096, 0.0011544167615119014, 11.998711824417114
30, 1024, 4096, 1.1707187385584158e-05, 13.928914308547974
30, 1024, 4096, 0.0044329153540121945, 13.997408151626587
30, 1024, 4096, 0.18061074943963884, 14.02467679977417
35, 1024, 4096, 0.00045385444325501625, 16.2507905960083
35, 1024, 4096, 4.98128479838738e-05, 16.1514573097229
35, 1024, 4096, 0.19558199906910717, 16.00881838798523
40, 1024, 4096, 0.0031270952843195704, 18.198857307434082
40, 1024, 4096, 0.0051193365490059825, 18.13002347946167
40, 1024, 4096, 0.05555136800782278, 18.221341133117676
45, 1024, 4096, 0.006089239879421656, 20.008089303970337
45, 1024, 4096, 0.07210972852709874, 20.101492881774902
45, 1024, 4096, 0.0006749242941503596, 20.035900115966797
50, 1024, 4096, 0.0001755090166385245, 22.124741554260254
50, 1024, 4096, 0.0007665736044199208, 22.28391122817993
50, 1024, 4096, 2.1520421120368482e-06, 22.178794384002686
10, 1024, 8192, 0.009336511249490915, 9.026396751403809
10, 1024, 8192, 0.006138005152219999, 8.908929824829102
10, 1024, 8192, 0.001870292756544026, 9.051149606704712
15, 1024, 8192, 0.009978843302130697, 12.574968576431274
15, 1024, 8192, 0.004097292986308074, 12.7326180934906
15, 1024, 8192, 0.0914286597003463, 12.738678455352783
20, 1024, 8192, 0.0059832317485241215, 16.390887022018433
20, 1024, 8192, 0.0005484992888697543, 16.386754035949707
20, 1024, 8192, 0.0001392077946922872, 16.325652360916138
25, 1024, 8192, 0.0004836927117575812, 20.054380178451538
25, 1024, 8192, 0.008203090839299161, 19.962825298309326
25, 1024, 8192, 0.011273320350601733, 20.230101823806763
30, 1024, 8192, 1.1861019888975545e-05, 23.554048776626587
30, 1024, 8192, 0.00350116215697763, 23.643470525741577
30, 1024, 8192, 0.010133947653434422, 23.786173105239868
35, 1024, 8192, 0.00030183635381523984, 27.69010901451111
35, 1024, 8192, 2.355594393682362e-06, 27.561313152313232
35, 1024, 8192, 1.3335414059073617e-05, 27.50595760345459
40, 1024, 8192, 4.484053567515372e-08, 31.137929677963257
40, 1024, 8192, 0.00026150978435250026, 31.69017195701599
40, 1024, 8192, 0.01718114118775659, 31.090065479278564
45, 1024, 8192, 0.004007272387476812, 35.387351274490356
45, 1024, 8192, 7.227048820992506e-06, 35.23091793060303
45, 1024, 8192, 1.0010755008155416e-06, 34.869234800338745
50, 1024, 8192, 1.2575609854166126e-06, 39.04626226425171
50, 1024, 8192, 7.711055801201516e-05, 39.061567544937134
50, 1024, 8192, 7.222175825954957e-07, 39.310391902923584
10, 2048, 128, 0.18520674826507966, 3.4527266025543213
10, 2048, 128, 0.8133569565919618, 3.4509787559509277
10, 2048, 128, 0.16414356264121033, 3.4286820888519287
15, 2048, 128, 0.17801758998236344, 4.312548875808716
15, 2048, 128, 0.508718464252802, 4.3718273639678955
15, 2048, 128, 0.21359150360764667, 4.378348350524902
20, 2048, 128, 0.02109819807577173, 5.245727062225342
20, 2048, 128, 0.4523576510025403, 5.2097008228302
20, 2048, 128, 0.8039961068104193, 5.285720348358154
25, 2048, 128, 0.1497338703431633, 6.167887210845947
25, 2048, 128, 0.05760558962616285, 6.114291667938232
25, 2048, 128, 0.05048747604895598, 6.173604488372803
30, 2048, 128, 0.0430508391458544, 7.024749040603638
30, 2048, 128, 0.5435458521841681, 7.0426857471466064
30, 2048, 128, 0.5685164917129053, 7.040191888809204
35, 2048, 128, 0.3415680264114491, 7.965309381484985
35, 2048, 128, 0.08095245138843918, 8.005533933639526
35, 2048, 128, 0.6278123363902446, 7.899971008300781
40, 2048, 128, 0.020228141580695747, 8.838845252990723
40, 2048, 128, 0.011419242566027304, 8.926862001419067
40, 2048, 128, 0.04552955024722504, 8.97260069847107
45, 2048, 128, 0.0005850280973246254, 9.924867153167725
45, 2048, 128, 0.7222063402064889, 9.94328784942627
45, 2048, 128, 0.04615870053127936, 9.844285488128662
50, 2048, 128, 0.031053091229700628, 10.822781085968018
50, 2048, 128, 0.021969214941299938, 10.885153532028198
50, 2048, 128, 0.051314961144529006, 10.705678462982178
10, 2048, 256, 0.02090107656348105, 3.6930646896362305
10, 2048, 256, 0.08961382340007283, 3.6667566299438477
10, 2048, 256, 0.37351136806234275, 3.668957471847534
15, 2048, 256, 0.2516776878852169, 4.585448741912842
15, 2048, 256, 0.022890103506889015, 4.6444244384765625
15, 2048, 256, 0.2230817370017425, 4.647963285446167
20, 2048, 256, 0.14850530406310702, 5.643386125564575
20, 2048, 256, 0.07144455975491988, 5.499847650527954
20, 2048, 256, 0.3604634346586918, 5.586548328399658
25, 2048, 256, 0.36293027864160826, 6.43778133392334
25, 2048, 256, 0.21516593241027054, 6.492546558380127
25, 2048, 256, 0.0009092899697254647, 6.474369049072266
30, 2048, 256, 0.007494024137177016, 7.410564661026001
30, 2048, 256, 0.1125370120985986, 7.555021286010742
30, 2048, 256, 0.05406558983038759, 7.5596466064453125
35, 2048, 256, 0.0417780900256681, 8.434368133544922
35, 2048, 256, 0.1844285087759714, 8.480966091156006
35, 2048, 256, 0.003444237932877101, 8.412540435791016
40, 2048, 256, 0.0014504473990127138, 9.480119943618774
40, 2048, 256, 9.593005954283541e-05, 9.328901290893555
40, 2048, 256, 0.43663176215621585, 9.383423328399658
45, 2048, 256, 3.123138224707522e-07, 10.31796932220459
45, 2048, 256, 0.04241527182893998, 10.349370956420898
45, 2048, 256, 0.0058418059008419915, 10.453842639923096
50, 2048, 256, 0.16556055940906206, 11.283329010009766
50, 2048, 256, 0.00017404545984701954, 11.264677286148071
50, 2048, 256, 0.0008804772691779142, 11.233802318572998
10, 2048, 512, 0.029144731070464565, 3.8277065753936768
10, 2048, 512, 0.06616539908919605, 3.8473243713378906
10, 2048, 512, 0.2648766170369338, 3.8498752117156982
15, 2048, 512, 0.00237445939507976, 4.924740552902222
15, 2048, 512, 0.016080018372884718, 4.869072675704956
15, 2048, 512, 0.0076977084099456175, 4.90463924407959
20, 2048, 512, 0.03624143053971264, 5.926158428192139
20, 2048, 512, 0.00015583479179682384, 5.984374761581421
20, 2048, 512, 0.012862659035592042, 5.9399755001068115
25, 2048, 512, 0.01638509835370305, 6.999064207077026
25, 2048, 512, 0.014949770052382443, 7.063069581985474
25, 2048, 512, 0.0008346126290925938, 6.964067459106445
30, 2048, 512, 0.002240638786418928, 7.975680351257324
30, 2048, 512, 7.598410800842457e-06, 8.209914922714233
30, 2048, 512, 0.04455720761678434, 8.103541851043701
35, 2048, 512, 0.11925307243735951, 9.072753667831421
35, 2048, 512, 1.3744131426344057e-05, 9.22721242904663
35, 2048, 512, 1.704478212755433e-05, 9.142252206802368
40, 2048, 512, 7.931062413089594e-05, 10.085853815078735
40, 2048, 512, 0.0005618582456537852, 10.063224077224731
40, 2048, 512, 0.0008267924665759347, 10.299517154693604
45, 2048, 512, 0.01254519020061554, 11.21665334701538
45, 2048, 512, 0.0006510983219303477, 11.313252687454224
45, 2048, 512, 0.000897826074088976, 11.306147813796997
50, 2048, 512, 4.095856463127591e-08, 12.416433811187744
50, 2048, 512, 0.005330888870889497, 12.413172960281372
50, 2048, 512, 0.0032782903538671223, 12.490823984146118
10, 2048, 1024, 0.003434403028367802, 4.229640007019043
10, 2048, 1024, 0.38877746262091295, 4.253282070159912
10, 2048, 1024, 0.00845707090497679, 4.240296125411987
15, 2048, 1024, 0.006479922433730931, 5.445849180221558
15, 2048, 1024, 0.12801643528275147, 5.447070837020874
15, 2048, 1024, 0.07974390612449408, 5.471405744552612
20, 2048, 1024, 0.011521308775474427, 6.732839107513428
20, 2048, 1024, 0.04521353856619919, 6.770769834518433
20, 2048, 1024, 0.13550717874959364, 6.81397008895874
25, 2048, 1024, 0.0054831471397649625, 8.081767320632935
25, 2048, 1024, 8.599199953140783e-06, 7.895034313201904
25, 2048, 1024, 0.038626849534112016, 8.020753622055054
30, 2048, 1024, 7.30879338709562e-07, 9.326703548431396
30, 2048, 1024, 8.360073389166341e-06, 9.349130868911743
30, 2048, 1024, 0.0026002395715900876, 9.352580308914185
35, 2048, 1024, 1.96162522374228e-06, 10.47113823890686
35, 2048, 1024, 0.0015829837810242566, 10.608628988265991
35, 2048, 1024, 0.0005439209675199979, 10.64924693107605
40, 2048, 1024, 7.781829120344217e-06, 11.890659093856812
40, 2048, 1024, 2.784018596065274e-05, 11.789027690887451
40, 2048, 1024, 0.00019278086080316023, 11.971987962722778
45, 2048, 1024, 8.673693275196256e-05, 13.254390239715576
45, 2048, 1024, 0.00040852298439339067, 13.094431161880493
45, 2048, 1024, 0.0002344702792175028, 13.192726850509644
50, 2048, 1024, 8.789795210497363e-09, 14.40825366973877
50, 2048, 1024, 1.0370032400235264e-06, 14.426846742630005
50, 2048, 1024, 1.382879965612871e-06, 14.429056406021118
10, 2048, 2048, 0.02856320195211712, 5.04986834526062
10, 2048, 2048, 0.00807355941594004, 5.0132668018341064
10, 2048, 2048, 0.0033472531036436333, 5.068603754043579
15, 2048, 2048, 0.0013391768980034887, 6.651755332946777
15, 2048, 2048, 0.00967210365327448, 6.726822376251221
15, 2048, 2048, 1.154363005316625e-05, 6.733548402786255
20, 2048, 2048, 0.005401057070946859, 8.373266220092773
20, 2048, 2048, 0.00026096636238625247, 8.291711568832397
20, 2048, 2048, 0.0028607885321022476, 8.296324729919434
25, 2048, 2048, 1.1474761277533104e-05, 9.963509798049927
25, 2048, 2048, 2.287841049332335e-06, 10.002084493637085
25, 2048, 2048, 0.0002592187662613882, 10.03860068321228
30, 2048, 2048, 0.00015532752295050646, 11.749223709106445
30, 2048, 2048, 0.004269718226490877, 11.801081657409668
30, 2048, 2048, 0.000899538070738094, 11.754328966140747
35, 2048, 2048, 0.0006548497757735383, 13.487215518951416
35, 2048, 2048, 5.096059361604964e-10, 13.531728506088257
35, 2048, 2048, 1.738786556664539e-08, 13.348666429519653
40, 2048, 2048, 6.633101448899712e-07, 15.38264274597168
40, 2048, 2048, 9.336927720027743e-08, 15.172947406768799
40, 2048, 2048, 7.861765976798108e-07, 15.106961250305176
45, 2048, 2048, 2.1274179960934798e-07, 16.93343496322632
45, 2048, 2048, 4.62817468576096e-07, 16.80450177192688
45, 2048, 2048, 7.990127688732169e-11, 16.763620376586914
50, 2048, 2048, 1.0455719722241557e-07, 18.29065227508545
50, 2048, 2048, 3.763018637886164e-12, 18.5644052028656
50, 2048, 2048, 1.1705319149629012e-09, 18.537381172180176
10, 2048, 4096, 0.001142847133010971, 6.597988843917847
10, 2048, 4096, 0.003339338101398568, 6.681156873703003
10, 2048, 4096, 0.000332963187943295, 6.610551834106445
15, 2048, 4096, 1.867693039783285e-05, 9.047927618026733
15, 2048, 4096, 4.385516457707333e-05, 9.168027877807617
15, 2048, 4096, 1.2178457666494303e-06, 9.06621527671814
20, 2048, 4096, 1.9914754744262112e-07, 11.471533298492432
20, 2048, 4096, 0.00035275687913233705, 11.722455739974976
20, 2048, 4096, 8.043559857757398e-08, 11.699416399002075
25, 2048, 4096, 1.2103727204910516e-08, 14.204039812088013
25, 2048, 4096, 1.2072418282840725e-08, 14.30458688735962
25, 2048, 4096, 2.5536333861066974e-10, 14.22848916053772
30, 2048, 4096, 6.507893976964013e-08, 16.72874903678894
30, 2048, 4096, 2.147130992727465e-09, 16.46057629585266
30, 2048, 4096, 6.390466302115832e-08, 16.699814558029175
35, 2048, 4096, 5.2237391028209674e-06, 19.34023904800415
35, 2048, 4096, 1.5448658188318607e-07, 18.958215713500977
35, 2048, 4096, 9.1828649795434e-13, 19.23465371131897
40, 2048, 4096, 2.2799863735514005e-12, 21.791982412338257
40, 2048, 4096, 1.0144967798132254e-10, 21.522557973861694
40, 2048, 4096, 4.1641063537569046e-06, 21.796655893325806
45, 2048, 4096, 5.734555875889547e-14, 24.168325185775757
45, 2048, 4096, 1.3141309043077243e-10, 24.20924663543701
45, 2048, 4096, 9.25470055065813e-15, 24.167153358459473
50, 2048, 4096, 4.663804557716663e-11, 26.634819984436035
50, 2048, 4096, 1.6342816380016178e-11, 26.68562126159668
50, 2048, 4096, 4.092109603175507e-14, 26.91913866996765
10, 2048, 8192, 0.0026350852513412617, 9.739946365356445
10, 2048, 8192, 2.638473714717275e-05, 9.79491400718689
10, 2048, 8192, 0.00022895325829977204, 9.92045283317566
15, 2048, 8192, 2.472082641682125e-07, 13.921576976776123
15, 2048, 8192, 1.4907857121665545e-05, 13.891812562942505
15, 2048, 8192, 0.00010047717782803326, 14.157065153121948
20, 2048, 8192, 1.648492969284209e-05, 18.205321311950684
20, 2048, 8192, 5.257279603270567e-07, 18.24294352531433
20, 2048, 8192, 2.464685072972928e-08, 17.991199254989624
25, 2048, 8192, 7.603900162581223e-10, 22.495766162872314
25, 2048, 8192, 1.99510401953545e-08, 22.314152717590332
25, 2048, 8192, 2.616197683808974e-08, 22.417672395706177
30, 2048, 8192, 5.972623526344889e-13, 26.460792541503906
30, 2048, 8192, 1.40546949752945e-09, 26.395408391952515
30, 2048, 8192, 2.2452271900087232e-09, 26.498618125915527
35, 2048, 8192, 1.4587516772487636e-12, 30.652610063552856
35, 2048, 8192, 2.86166855195181e-13, 30.538859605789185
35, 2048, 8192, 6.881640896400446e-11, 30.75986123085022
40, 2048, 8192, 2.74692417640767e-09, 34.82561016082764
40, 2048, 8192, 7.085369790793586e-13, 35.006125926971436
40, 2048, 8192, 2.8650896883930795e-11, 35.51066875457764
45, 2048, 8192, 3.5836857556586226e-14, 39.04869866371155
45, 2048, 8192, 7.575923465014757e-16, 39.191863775253296
45, 2048, 8192, 1.6310448111880718e-10, 39.57537245750427
50, 2048, 8192, 1.4603773161030424e-14, 43.52184343338013
50, 2048, 8192, 9.697900152425646e-15, 43.60483503341675
50, 2048, 8192, 5.383203789858461e-16, 43.82016944885254
10, 4096, 128, 0.1275821108443247, 5.257286310195923
10, 4096, 128, 0.18036883456945207, 5.2788286209106445
10, 4096, 128, 0.08411728468433574, 5.246772289276123
15, 4096, 128, 0.16414402104621006, 7.063414812088013
15, 4096, 128, 0.11251786277944434, 7.13495945930481
15, 4096, 128, 0.0015086865069388468, 7.09282922744751
20, 4096, 128, 0.28631520499773455, 8.80007553100586
20, 4096, 128, 0.22398192007746137, 8.777090787887573
20, 4096, 128, 0.5180546440825846, 8.817668914794922
25, 4096, 128, 0.0005195210967440261, 10.716720342636108
25, 4096, 128, 0.00044134350152124236, 10.644521236419678
25, 4096, 128, 0.048906538294777833, 10.74091911315918
30, 4096, 128, 0.06316608423577964, 12.45483136177063
30, 4096, 128, 0.01798526352366084, 12.435357809066772
30, 4096, 128, 0.0009123153133714102, 12.395232677459717
35, 4096, 128, 0.013151246716517248, 14.099842548370361
35, 4096, 128, 0.003244614614215785, 14.864394664764404
35, 4096, 128, 0.23268241235510229, 14.265408992767334
40, 4096, 128, 1.7513129310419353e-05, 16.10357975959778
40, 4096, 128, 0.00010079690231399443, 16.132808208465576
40, 4096, 128, 9.279459431103411e-05, 16.087212562561035
45, 4096, 128, 0.00043215509450034, 17.794299364089966
45, 4096, 128, 0.0080931735646076, 17.91961359977722
45, 4096, 128, 0.00019553895994209373, 17.829023361206055
50, 4096, 128, 0.0001209898018343244, 19.76321291923523
50, 4096, 128, 0.00026938179731372867, 19.555663585662842
50, 4096, 128, 0.02555376786627061, 19.572895050048828
10, 4096, 256, 0.8232516131973002, 5.297972917556763
10, 4096, 256, 0.05010033512662146, 5.361861228942871
10, 4096, 256, 0.5441303239091562, 5.3770012855529785
15, 4096, 256, 0.2024260981201232, 7.297218561172485
15, 4096, 256, 0.07420694472347202, 7.284141302108765
15, 4096, 256, 0.0024400305897825615, 7.194087505340576
20, 4096, 256, 0.0028172698744026157, 8.942577123641968
20, 4096, 256, 0.0008221109871999819, 9.04028582572937
20, 4096, 256, 0.03201126185169787, 9.070173978805542
25, 4096, 256, 0.013469599724180853, 10.850293636322021
25, 4096, 256, 0.02140001934284825, 11.011589527130127
25, 4096, 256, 0.00035340615748483454, 10.785194873809814
30, 4096, 256, 0.004445599853975712, 12.667356967926025
30, 4096, 256, 0.0009051687288917459, 12.8351411819458
30, 4096, 256, 0.11779986533282873, 12.880643367767334
35, 4096, 256, 0.02365810014667926, 14.54407525062561
35, 4096, 256, 0.00035459398451143434, 14.704821825027466
35, 4096, 256, 6.061630065874843e-06, 14.71754240989685
40, 4096, 256, 9.677406644199997e-05, 16.290016174316406
40, 4096, 256, 0.0003063945335666689, 16.571882486343384
40, 4096, 256, 0.00022623126229011828, 16.520124912261963
45, 4096, 256, 0.00031683058522377513, 18.4205219745636
45, 4096, 256, 0.00030013923197329045, 18.126057863235474
45, 4096, 256, 0.015257806162918998, 18.099799633026123
50, 4096, 256, 0.000257328712914144, 20.10472011566162
50, 4096, 256, 0.00042006137393260103, 20.039015769958496
50, 4096, 256, 0.00013412550277558892, 20.138478994369507
10, 4096, 512, 0.17729305260545514, 5.623622417449951
10, 4096, 512, 0.02253762894803556, 5.552434206008911
10, 4096, 512, 0.04191951661010553, 5.604681491851807
15, 4096, 512, 0.00036574552995297734, 7.6175618171691895
15, 4096, 512, 0.0009549177082390986, 7.575613021850586
15, 4096, 512, 0.01627716452522431, 7.448793172836304
20, 4096, 512, 5.222498512436704e-09, 9.378362655639648
20, 4096, 512, 0.00019436143502296797, 9.494282960891724
20, 4096, 512, 2.686940953124284e-06, 9.455727577209473
25, 4096, 512, 4.2264161238140455e-05, 11.494177103042603
25, 4096, 512, 0.1394877704593229, 11.492581844329834
25, 4096, 512, 2.662847003204143e-05, 11.337788820266724
30, 4096, 512, 4.1757938104037424e-05, 13.332198143005371
30, 4096, 512, 3.6966717569859617e-06, 13.300013303756714
30, 4096, 512, 1.6648846728569157e-05, 13.39843225479126
35, 4096, 512, 2.9733765775646276e-08, 15.374063968658447
35, 4096, 512, 0.001474484359320668, 15.278495788574219
35, 4096, 512, 0.0006926725185473002, 15.474950313568115
40, 4096, 512, 9.523557050825727e-10, 17.123061418533325
40, 4096, 512, 1.598620501190134e-08, 17.21352195739746
40, 4096, 512, 0.0002185520577177354, 17.145392417907715
45, 4096, 512, 3.759616196608274e-05, 18.991057634353638
45, 4096, 512, 3.6286237907623106e-06, 19.075219869613647
45, 4096, 512, 6.839681236978605e-05, 19.31871795654297
50, 4096, 512, 6.768763147870549e-08, 21.102973461151123
50, 4096, 512, 5.815039433027031e-11, 21.296244382858276
50, 4096, 512, 5.239725037521108e-10, 20.97311544418335
10, 4096, 1024, 0.025355495194643696, 5.998753547668457
10, 4096, 1024, 0.11206432245315788, 5.9332146644592285
10, 4096, 1024, 0.042478866794944656, 5.991513967514038
15, 4096, 1024, 0.0005404967399362903, 8.124857664108276
15, 4096, 1024, 5.853713252205922e-07, 7.986187696456909
15, 4096, 1024, 0.005683138538027065, 8.1433687210083
20, 4096, 1024, 6.984297775678958e-05, 10.129295349121094
20, 4096, 1024, 4.062189140558941e-05, 10.150122165679932
20, 4096, 1024, 9.861629641457492e-06, 10.310569524765015
25, 4096, 1024, 1.588846570929314e-06, 12.304582357406616
25, 4096, 1024, 1.9536794296622764e-08, 12.330039978027344
25, 4096, 1024, 1.2657869896954112e-07, 12.374844551086426
30, 4096, 1024, 0.0001454468933892923, 14.686336517333984
30, 4096, 1024, 1.4394927882238306e-10, 14.653077840805054
30, 4096, 1024, 4.822959433668323e-11, 14.505182266235352
35, 4096, 1024, 0.0002964667349933145, 16.786052465438843
35, 4096, 1024, 2.1431813025197112e-08, 16.62148928642273
35, 4096, 1024, 3.141885217222378e-10, 16.7374370098114
40, 4096, 1024, 6.933118065410312e-14, 18.964252948760986
40, 4096, 1024, 1.2783727271227807e-07, 19.004823446273804
40, 4096, 1024, 2.843595932176344e-13, 18.892223834991455
45, 4096, 1024, 1.0891725925244932e-15, 20.910035371780396
45, 4096, 1024, 6.198224626261084e-12, 21.07331085205078
45, 4096, 1024, 1.000189269562993e-08, 21.14295268058777
50, 4096, 1024, 2.4012869278503884e-06, 23.121686220169067
50, 4096, 1024, 6.070117546489284e-10, 23.28268337249756
50, 4096, 1024, 2.6983617963221107e-12, 23.32391381263733
10, 4096, 2048, 0.000940665499517951, 6.893123388290405
10, 4096, 2048, 1.8172176968511868e-05, 6.806748867034912
10, 4096, 2048, 1.6728915065347525e-07, 6.891682386398315
15, 4096, 2048, 1.7101292185439003e-08, 9.250465869903564
15, 4096, 2048, 1.4668633527452108e-10, 9.291019678115845
15, 4096, 2048, 1.541292909000402e-07, 9.326756715774536
20, 4096, 2048, 2.169410891368846e-11, 11.881996393203735
20, 4096, 2048, 7.579158071733655e-08, 11.91722583770752
20, 4096, 2048, 1.335786079250191e-07, 11.899625539779663
25, 4096, 2048, 1.0789073526039553e-12, 14.3778395652771
25, 4096, 2048, 7.924146366286993e-10, 14.274514436721802
25, 4096, 2048, 2.0024415192707085e-09, 14.460644721984863
30, 4096, 2048, 7.38587848535906e-12, 16.948747634887695
30, 4096, 2048, 4.4133749914201815e-13, 16.765684366226196
30, 4096, 2048, 1.4976441571388571e-12, 16.906651735305786
35, 4096, 2048, 8.457317255813386e-11, 19.636871099472046
35, 4096, 2048, 4.762006927068435e-12, 19.449764013290405
35, 4096, 2048, 8.535158286400733e-12, 19.450294971466064
40, 4096, 2048, 9.657081476677495e-19, 22.07940435409546
40, 4096, 2048, 8.230352585436184e-15, 22.325900554656982
40, 4096, 2048, 2.894430552779304e-14, 22.213443279266357
45, 4096, 2048, 3.049745885117604e-17, 24.703043460845947
45, 4096, 2048, 1.9705890722994753e-18, 24.836745023727417
45, 4096, 2048, 1.1372290824023187e-17, 24.643773078918457
50, 4096, 2048, 4.564297522064208e-12, 27.39630651473999
50, 4096, 2048, 1.6640685080547924e-20, 27.195083618164062
50, 4096, 2048, 9.835667584777853e-21, 28.046878337860107
10, 4096, 4096, 3.0029892477893597e-07, 8.376817226409912
10, 4096, 4096, 2.0158776096400817e-06, 8.397284984588623
10, 4096, 4096, 1.9864734329997585e-05, 8.543929815292358
15, 4096, 4096, 3.230453826172498e-08, 11.82719349861145
15, 4096, 4096, 1.588220256821301e-10, 11.835189819335938
15, 4096, 4096, 1.4369172550897007e-08, 11.833384990692139
20, 4096, 4096, 7.369452444622678e-09, 15.184555530548096
20, 4096, 4096, 3.5823776128820016e-13, 15.185609102249146
20, 4096, 4096, 1.0782579177198432e-08, 15.36395812034607
25, 4096, 4096, 4.675854552263308e-10, 18.369542598724365
25, 4096, 4096, 4.544974345650121e-13, 18.437527179718018
25, 4096, 4096, 3.463007240123065e-15, 18.72003698348999
30, 4096, 4096, 1.4230001369800796e-13, 21.865231037139893
30, 4096, 4096, 2.5329587983571153e-13, 21.904504776000977
30, 4096, 4096, 1.4694360270816623e-14, 21.842363119125366
35, 4096, 4096, 4.529592733272201e-21, 25.21231746673584
35, 4096, 4096, 2.331631846772057e-18, 25.284662008285522
35, 4096, 4096, 6.850112713456839e-15, 25.374535083770752
40, 4096, 4096, 1.383709387115026e-21, 28.92092514038086
40, 4096, 4096, 3.044494315318016e-17, 28.639634370803833
40, 4096, 4096, 6.323900049676289e-20, 28.74280333518982
45, 4096, 4096, 2.8305939441734425e-25, 32.33075737953186
45, 4096, 4096, 5.230932770999206e-23, 32.461824893951416
45, 4096, 4096, 1.5151881683177315e-26, 31.947627305984497
50, 4096, 4096, 1.3941826237917184e-26, 36.15344595909119
50, 4096, 4096, 3.302489242240942e-23, 35.54687714576721
50, 4096, 4096, 2.2619607145941066e-28, 35.722102880477905
10, 4096, 8192, 3.448845545879174e-07, 11.612535953521729
10, 4096, 8192, 1.9374577049435934e-09, 11.7027587890625
10, 4096, 8192, 7.845968693481972e-10, 11.622868061065674
15, 4096, 8192, 1.0845406640709276e-13, 16.504868745803833
15, 4096, 8192, 3.570112263941319e-11, 16.534782886505127
15, 4096, 8192, 5.367774898543086e-09, 16.650099515914917
20, 4096, 8192, 2.2557304433132537e-15, 21.63855743408203
20, 4096, 8192, 3.087436033310656e-18, 21.84081721305847
20, 4096, 8192, 1.0261530894785941e-14, 21.79225993156433
25, 4096, 8192, 6.5119456653262e-18, 26.972139358520508
25, 4096, 8192, 5.419621833935555e-15, 26.75155758857727
25, 4096, 8192, 1.8614031253693357e-10, 26.585233449935913
30, 4096, 8192, 4.246085020525698e-21, 31.930663347244263
30, 4096, 8192, 9.666372838112543e-22, 31.93523335456848
30, 4096, 8192, 5.843739029519646e-16, 31.88901162147522
35, 4096, 8192, 1.6541221588829618e-26, 37.43737030029297
35, 4096, 8192, 3.4162796823667156e-20, 37.249267578125
35, 4096, 8192, 1.314910743646887e-21, 37.012856006622314
40, 4096, 8192, 1.0848771086239018e-27, 42.28706192970276
40, 4096, 8192, 1.4635066052749195e-27, 42.09338927268982
40, 4096, 8192, 2.454954896068751e-27, 42.250930070877075
45, 4096, 8192, 2.2026795341467577e-30, 47.499465227127075
45, 4096, 8192, 8.004464413592817e-30, 47.565178632736206
45, 4096, 8192, 1.4021688435999504e-29, 48.19711446762085
50, 4096, 8192, 4.762111430460271e-36, 52.69860768318176
50, 4096, 8192, 6.291407642144444e-34, 52.45135521888733
50, 4096, 8192, 5.40926120006227e-32, 52.32510161399841
10, 8192, 128, 0.00229337886521115, 8.702574491500854
10, 8192, 128, 0.001622907025851415, 8.79393219947815
10, 8192, 128, 0.03636346835184812, 8.861408233642578
15, 8192, 128, 0.01685646030302795, 12.397575378417969
15, 8192, 128, 0.08337216101983429, 12.28718638420105
15, 8192, 128, 0.16034151698084723, 12.332197427749634
20, 8192, 128, 0.07707824551957335, 15.845590591430664
20, 8192, 128, 0.012395065914610348, 15.961150646209717
20, 8192, 128, 7.161034055132717e-05, 16.019672393798828
25, 8192, 128, 0.0630219232502452, 19.571559190750122
25, 8192, 128, 0.0005372902067358479, 19.552671432495117
25, 8192, 128, 0.07108651529331948, 19.71338963508606
30, 8192, 128, 0.0007485276111873582, 23.123228549957275
30, 8192, 128, 5.1906442081036384e-05, 23.149553298950195
30, 8192, 128, 0.01261472919767461, 23.1964213848114
35, 8192, 128, 0.00781667248151158, 26.597819805145264
35, 8192, 128, 0.0012426067175887055, 26.324287176132202
35, 8192, 128, 0.0007053707597902161, 26.580194234848022
40, 8192, 128, 0.0015600651165862598, 30.30772066116333
40, 8192, 128, 0.0008467603573688308, 30.330620765686035
40, 8192, 128, 7.875416778546689e-06, 30.16365361213684
45, 8192, 128, 0.005102581689895018, 34.06135535240173
45, 8192, 128, 0.0004765043430362705, 33.694735050201416
45, 8192, 128, 0.0003636698921750947, 33.92504525184631
50, 8192, 128, 0.0016509791504227419, 37.53535532951355
50, 8192, 128, 0.0011801893721454693, 37.64167356491089
50, 8192, 128, 1.983951119484884e-05, 37.97717237472534
10, 8192, 256, 0.011543698650643556, 8.806797981262207
10, 8192, 256, 0.05784234416551135, 8.927721977233887
10, 8192, 256, 0.05686343425932144, 8.962781429290771
15, 8192, 256, 0.00021384197870526862, 12.463226795196533
15, 8192, 256, 0.0225971975729927, 12.55704379081726
15, 8192, 256, 0.1501671428385041, 12.406145572662354
20, 8192, 256, 0.0006386527388736704, 16.098281383514404
20, 8192, 256, 3.77151676136237e-05, 16.211835145950317
20, 8192, 256, 0.008531235612625148, 15.98399019241333
25, 8192, 256, 0.0024890978788364494, 19.817922592163086
25, 8192, 256, 5.439792342698106e-05, 19.625641584396362
25, 8192, 256, 0.0010262388024878195, 19.751744270324707
30, 8192, 256, 1.0320095275504654e-08, 23.233761072158813
30, 8192, 256, 1.3298421108224324e-06, 23.190932989120483
30, 8192, 256, 0.0001580632072543459, 23.301831245422363
35, 8192, 256, 1.0030845910940531e-05, 27.005529403686523
35, 8192, 256, 3.0274880798811835e-07, 26.939117670059204
35, 8192, 256, 2.0551605709968243e-05, 26.916799783706665
40, 8192, 256, 1.1222238667035874e-07, 31.319345474243164
40, 8192, 256, 0.007700034869808596, 30.47720980644226
40, 8192, 256, 4.324205521223357e-05, 30.76553750038147
45, 8192, 256, 0.0030758881434840325, 34.412153005599976
45, 8192, 256, 0.00033939378733565664, 34.77088403701782
45, 8192, 256, 0.00018595726228969443, 34.22804045677185
50, 8192, 256, 2.116045562913114e-06, 38.19144582748413
50, 8192, 256, 7.717953158653487e-06, 37.764604330062866
50, 8192, 256, 0.0009646391818007826, 38.39673900604248
10, 8192, 512, 0.00023395509223137279, 9.043731689453125
10, 8192, 512, 3.016951498945115e-07, 9.219109773635864
10, 8192, 512, 0.00018468619183946607, 9.148617029190063
15, 8192, 512, 7.362261907364817e-05, 12.92706847190857
15, 8192, 512, 7.86071852563354e-05, 12.922749280929565
15, 8192, 512, 0.000786861423828084, 12.873907089233398
20, 8192, 512, 2.3962914504046235e-08, 16.496941804885864
20, 8192, 512, 7.261313041055333e-07, 16.376717567443848
20, 8192, 512, 0.00028530053712926527, 16.54437804222107
25, 8192, 512, 8.253276261773757e-08, 20.41587209701538
25, 8192, 512, 4.0799154611849084e-08, 20.419654607772827
25, 8192, 512, 0.0005995243222371914, 20.1550030708313
30, 8192, 512, 0.0007286314542808384, 24.333618640899658
30, 8192, 512, 2.978671385634245e-06, 24.077909231185913
30, 8192, 512, 4.06237431075857e-08, 23.92676544189453
35, 8192, 512, 2.5933106048123686e-08, 28.0024471282959
35, 8192, 512, 1.0320918879877711e-09, 27.827583074569702
35, 8192, 512, 1.0466137398135381e-06, 27.555081367492676
40, 8192, 512, 8.326635262007177e-08, 31.662442922592163
40, 8192, 512, 5.005901055094286e-08, 31.579683780670166
40, 8192, 512, 6.628162731880826e-06, 31.415910482406616
45, 8192, 512, 7.310776826343419e-12, 35.46534705162048
45, 8192, 512, 2.784772215661118e-11, 35.82708191871643
45, 8192, 512, 1.5835754487040813e-08, 35.520360469818115
50, 8192, 512, 1.4164830389242525e-12, 39.299859046936035
50, 8192, 512, 2.8935692811706157e-10, 39.16329312324524
50, 8192, 512, 2.970409944087054e-11, 38.95055890083313
10, 8192, 1024, 0.0012001039211500615, 9.45085096359253
10, 8192, 1024, 1.5314986618792374e-05, 9.494329690933228
10, 8192, 1024, 2.8768421726992652e-05, 9.512269973754883
15, 8192, 1024, 1.6893233566244398e-05, 13.44651484489441
15, 8192, 1024, 2.3798236083823085e-06, 13.458681344985962
15, 8192, 1024, 1.9552997763002535e-06, 13.398478269577026
20, 8192, 1024, 3.169715835779612e-08, 17.16615867614746
20, 8192, 1024, 3.2614549004089255e-09, 17.29636025428772
20, 8192, 1024, 4.2866864081505126e-11, 17.148529529571533
25, 8192, 1024, 1.4077339689193526e-09, 21.17802119255066
25, 8192, 1024, 6.624793016005796e-10, 21.30201506614685
25, 8192, 1024, 8.761298161147355e-12, 21.209879636764526
30, 8192, 1024, 3.894251776958951e-08, 25.355064630508423
30, 8192, 1024, 1.8693108067175555e-09, 25.315460920333862
30, 8192, 1024, 1.4665870449041174e-11, 25.119946002960205
35, 8192, 1024, 1.2133189195510574e-10, 29.091413021087646
35, 8192, 1024, 1.0533316410062615e-10, 29.30833077430725
35, 8192, 1024, 7.558993934149901e-12, 29.114917039871216
40, 8192, 1024, 1.4641094466553225e-13, 33.036622285842896
40, 8192, 1024, 6.006949948081639e-12, 33.17106223106384
40, 8192, 1024, 9.328868661789152e-14, 33.19979166984558
45, 8192, 1024, 2.8451867182503335e-13, 37.33513164520264
45, 8192, 1024, 2.2062809559531825e-15, 37.03654456138611
45, 8192, 1024, 2.2149285774068855e-13, 37.49413251876831
50, 8192, 1024, 6.6898793686470666e-18, 40.984217405319214
50, 8192, 1024, 1.1691353537224443e-17, 41.31143856048584
50, 8192, 1024, 1.7173419003531514e-18, 41.453530073165894
10, 8192, 2048, 3.9105754315881973e-07, 10.292540788650513
10, 8192, 2048, 1.396750070994965e-07, 10.226980686187744
10, 8192, 2048, 1.8762613678134327e-06, 10.37986159324646
15, 8192, 2048, 5.7584617434155806e-08, 14.582775354385376
15, 8192, 2048, 9.359734431990258e-07, 14.600183010101318
15, 8192, 2048, 6.019893739348107e-07, 14.582716941833496
20, 8192, 2048, 9.262908372451139e-09, 18.813095808029175
20, 8192, 2048, 9.107178657077903e-12, 18.850221872329712
20, 8192, 2048, 1.1912524647758042e-09, 18.958662271499634
25, 8192, 2048, 6.437994699602457e-12, 23.172706365585327
25, 8192, 2048, 4.404336211107478e-15, 23.356767892837524
25, 8192, 2048, 1.2363655384283347e-15, 23.487168073654175
30, 8192, 2048, 3.6290437458229094e-12, 27.633395433425903
30, 8192, 2048, 1.2408205152767632e-12, 28.32690191268921
30, 8192, 2048, 5.55801091192298e-11, 27.653889179229736
35, 8192, 2048, 4.074896119305272e-16, 32.04766893386841
35, 8192, 2048, 7.251274902049687e-18, 32.22040867805481
35, 8192, 2048, 1.801712541859201e-15, 32.295764207839966
40, 8192, 2048, 1.7597694314419613e-20, 36.333741188049316
40, 8192, 2048, 8.367663824416608e-21, 36.73890829086304
40, 8192, 2048, 1.0164107395116175e-17, 36.415627241134644
45, 8192, 2048, 4.1078148948483253e-17, 41.30202531814575
45, 8192, 2048, 9.269250955200563e-27, 40.947367906570435
45, 8192, 2048, 1.6194708365713974e-25, 41.03909230232239
50, 8192, 2048, 6.989517709154201e-27, 45.44077968597412
50, 8192, 2048, 3.563465426187104e-22, 45.05639290809631
50, 8192, 2048, 5.719658776573538e-24, 45.73266553878784
10, 8192, 4096, 1.3213075999750124e-07, 11.923795461654663
10, 8192, 4096, 1.2178504726997887e-08, 12.137380361557007
10, 8192, 4096, 1.6216741668537266e-06, 12.059572219848633
15, 8192, 4096, 7.164680792527352e-06, 16.971333742141724
15, 8192, 4096, 1.5634378277729554e-09, 17.284812688827515
15, 8192, 4096, 8.538558124270946e-09, 16.936119318008423
20, 8192, 4096, 1.142186585578794e-13, 22.07228660583496
20, 8192, 4096, 1.960108891960594e-14, 22.08623957633972
20, 8192, 4096, 2.7121630196326703e-12, 22.23164439201355
25, 8192, 4096, 4.902462720786908e-13, 27.408759832382202
25, 8192, 4096, 2.1713075600945117e-16, 27.25242567062378
25, 8192, 4096, 1.3184921892535095e-13, 27.58270525932312
30, 8192, 4096, 3.3206067432707664e-19, 33.09664011001587
30, 8192, 4096, 5.155233248200737e-20, 32.63555884361267
30, 8192, 4096, 2.360043073912264e-22, 32.52840876579285
35, 8192, 4096, 4.988098712574546e-21, 37.72958016395569
35, 8192, 4096, 1.4571844159090184e-23, 37.87234878540039
35, 8192, 4096, 1.3160434092396113e-24, 37.64978337287903
40, 8192, 4096, 2.4334956351723623e-18, 43.051421880722046
40, 8192, 4096, 9.80008657198904e-28, 43.430196046829224
40, 8192, 4096, 6.692670997289539e-26, 43.81309366226196
45, 8192, 4096, 1.1653774343361154e-29, 48.75865864753723
45, 8192, 4096, 1.4748522680090845e-24, 48.51237654685974
45, 8192, 4096, 6.010626175598838e-27, 49.03188753128052
50, 8192, 4096, 3.4194905677850604e-28, 54.243659019470215
50, 8192, 4096, 4.7023820150143966e-30, 54.51921820640564
50, 8192, 4096, 2.549798141586639e-29, 54.31705904006958
10, 8192, 8192, 6.6896056390513405e-09, 15.306255102157593
10, 8192, 8192, 7.870728235755056e-11, 15.381947994232178
10, 8192, 8192, 1.3462229702916785e-09, 15.20309853553772
15, 8192, 8192, 1.470395845937461e-11, 21.912888288497925
15, 8192, 8192, 1.1309662123019511e-10, 21.88029909133911
15, 8192, 8192, 1.0226233884828777e-13, 22.053258657455444
20, 8192, 8192, 3.987919912224679e-12, 28.661723136901855
20, 8192, 8192, 4.308467031809669e-15, 29.225374460220337
20, 8192, 8192, 6.662795280180096e-17, 28.951475858688354
25, 8192, 8192, 9.848859045404464e-19, 35.80611252784729
25, 8192, 8192, 1.0608504661462126e-18, 36.02903866767883
25, 8192, 8192, 3.802206402670005e-20, 36.10126256942749
30, 8192, 8192, 6.776384144616625e-23, 43.11373591423035
30, 8192, 8192, 2.6488778910299125e-26, 42.65665793418884
30, 8192, 8192, 3.1667585095921674e-21, 42.74564290046692
35, 8192, 8192, 1.218896997653442e-25, 50.20119047164917
35, 8192, 8192, 2.681259683665049e-23, 49.631147623062134
35, 8192, 8192, 2.063440527809142e-27, 49.887075662612915
40, 8192, 8192, 1.250169811298985e-32, 57.305383920669556
40, 8192, 8192, 7.658014098187057e-33, 57.028717279434204
40, 8192, 8192, 4.491901075645976e-30, 57.27977275848389
45, 8192, 8192, 2.511585693009319e-36, 64.1023895740509
45, 8192, 8192, 7.807509086435974e-38, 64.94545531272888
45, 8192, 8192, 2.654160281889085e-34, 64.38945388793945
50, 8192, 8192, 3.679003851086339e-40, 70.97438979148865
50, 8192, 8192, 1.3449851925929044e-35, 71.72819495201111
50, 8192, 8192, 1.8379772692517832e-39, 71.51204705238342
